{
  "avg_P1-avg_P2": 0.9997545526073206,
  "avg_P1-green_space": 0.05130521053478894,
  "avg_P2-green_space": 0.05288665252175617
}