{
  "avg_P1-avg_P2": 0.8968705547652911,
  "avg_P1-green_space": 0.22254788023645244,
  "avg_P2-green_space": 0.22879378992982669
}