{
  "avg_P1-avg_P2": 0.9999999999999997,
  "avg_P1-green_space": 1.0000000000000009,
  "avg_P2-green_space": 0.9999999999999994
}