{"avg_P1-avg_P2": 0.8114403045072542 ,"avg_P1-green_space": 0.006597284709926065 ,"avg_P2-green_space": -0.04778873434149409}