{"avg_P1-avg_P2": 0.9587298193884349 ,"avg_P1-green_space": 0.008067826231240227 ,"avg_P2-green_space": -0.015617543499448388}