{"avg_P1-avg_P2": 0.7936257584685712 ,"avg_P1-green_space": 0.10150931646820427 ,"avg_P2-green_space": -0.003647548717108142}