{"avg_P1-avg_P2": 0.7398206400522817 ,"avg_P1-green_space": 0.12212261905925743 ,"avg_P2-green_space": 0.0409940668144594}