{"avg_P1-avg_P2": 0.7447276711519061 ,"avg_P1-green_space": 0.12768533075959576 ,"avg_P2-green_space": 0.06355261417231772}