{"avg_P1-avg_P2": 0.8784708249496972 ,"avg_P1-green_space": 0.050759150528250925 ,"avg_P2-green_space": -0.030633415910723143}