{
  "avg_P1-avg_P2": 0.9999999999999998,
  "avg_P1-green_space": 0.9999999999999998,
  "avg_P2-green_space": 0.9999999999999998
}