{"avg_P1-avg_P2": 0.8968460594570424 ,"avg_P1-green_space": 0.2214609941181625 ,"avg_P2-green_space": 0.22754823620032574}